Product_ID,Product_Category,User_Gender,Return_Status,return_probability
PROD00004684,Home,Male,Returned,0.89
PROD00004742,Electronics,Male,Returned,0.89
PROD00004521,Clothing,Male,Returned,0.92
PROD00006340,Electronics,Male,Returned,0.85
PROD00006363,Electronics,Female,Returned,0.94
PROD00000439,Toys,Female,Returned,0.91
PROD00007487,Home,Female,Returned,0.94
PROD00005272,Clothing,Female,Returned,0.94
PROD00005653,Home,Male,Returned,0.91
PROD00009930,Books,Female,Returned,0.92
PROD00007051,Books,Male,Returned,0.94
PROD00008158,Toys,Male,Returned,0.84
PROD00004640,Toys,Male,Returned,0.93
PROD00004947,Home,Female,Returned,0.94
PROD00009920,Home,Female,Returned,0.89
PROD00008847,Books,Male,Returned,0.97
PROD00004949,Electronics,Female,Returned,0.92
PROD00008328,Toys,Male,Returned,0.95
PROD00005589,Home,Female,Returned,0.85
PROD00003973,Home,Female,Returned,0.96
PROD00006630,Home,Male,Returned,0.94
PROD00008362,Electronics,Male,Returned,0.97
PROD00001513,Toys,Male,Returned,0.9
PROD00009317,Electronics,Male,Returned,0.91
PROD00000039,Toys,Female,Returned,0.78
PROD00004819,Toys,Female,Returned,0.92
PROD00002304,Electronics,Female,Returned,0.9
PROD00007938,Electronics,Female,Returned,0.96
PROD00003039,Electronics,Male,Returned,0.94
PROD00009655,Clothing,Female,Returned,0.95
PROD00002545,Clothing,Female,Returned,0.9
PROD00006231,Books,Female,Returned,0.97
PROD00002876,Books,Male,Returned,0.94
PROD00005323,Home,Female,Returned,0.85
PROD00000799,Books,Male,Returned,0.94
PROD00003570,Books,Male,Returned,0.92
PROD00002894,Toys,Male,Returned,0.93
PROD00000971,Home,Male,Returned,0.94
PROD00002020,Clothing,Male,Returned,0.96
PROD00000952,Home,Female,Returned,0.97
PROD00005861,Electronics,Male,Returned,0.77
PROD00007770,Electronics,Male,Returned,0.87
PROD00007438,Clothing,Female,Returned,0.92
PROD00009238,Home,Female,Returned,0.9
PROD00001056,Books,Female,Returned,0.92
PROD00003154,Clothing,Female,Returned,0.86
PROD00009189,Books,Male,Returned,0.98
PROD00004903,Home,Female,Returned,0.91
PROD00006843,Toys,Female,Returned,0.92
PROD00009123,Home,Male,Returned,0.95
PROD00005527,Clothing,Male,Returned,0.95
PROD00004003,Clothing,Female,Returned,0.89
PROD00001123,Home,Female,Returned,0.93
PROD00007640,Books,Female,Returned,0.92
PROD00000765,Clothing,Female,Returned,0.87
PROD00002344,Home,Female,Returned,0.88
PROD00004071,Home,Male,Returned,0.91
PROD00007952,Books,Female,Returned,0.94
PROD00004081,Clothing,Male,Returned,0.93
PROD00006292,Books,Female,Returned,0.95
PROD00000510,Home,Female,Returned,0.9
PROD00008181,Clothing,Male,Returned,0.93
PROD00009417,Clothing,Female,Returned,0.88
PROD00000096,Toys,Male,Returned,0.9
PROD00006681,Electronics,Male,Returned,0.92
PROD00001512,Electronics,Female,Returned,0.91
PROD00006517,Electronics,Male,Returned,0.91
PROD00000033,Home,Male,Returned,0.88
PROD00005421,Books,Female,Returned,0.98
PROD00001347,Clothing,Male,Returned,0.96
PROD00004747,Clothing,Female,Returned,0.88
PROD00006005,Home,Male,Returned,0.94
PROD00006039,Books,Male,Returned,0.91
PROD00008446,Home,Female,Returned,0.94
PROD00005269,Electronics,Male,Returned,0.92
PROD00004202,Books,Female,Returned,0.9
PROD00000735,Home,Male,Returned,0.94
PROD00002067,Books,Male,Returned,0.94
PROD00000106,Books,Male,Returned,0.96
PROD00008894,Books,Female,Returned,0.94
PROD00008020,Electronics,Male,Returned,0.93
PROD00002232,Books,Female,Returned,0.96
PROD00009412,Books,Female,Returned,0.89
PROD00007058,Toys,Male,Returned,0.95
PROD00006789,Toys,Female,Returned,0.86
PROD00000360,Clothing,Male,Returned,0.87
PROD00000304,Clothing,Female,Returned,0.86
PROD00008965,Clothing,Male,Returned,0.94
PROD00004513,Electronics,Female,Returned,0.9
PROD00008313,Electronics,Male,Returned,0.93
PROD00003898,Electronics,Female,Returned,0.94
PROD00005440,Toys,Female,Returned,0.91
PROD00000621,Home,Female,Returned,0.92
PROD00008403,Home,Male,Returned,0.88
PROD00002855,Toys,Female,Returned,0.89
PROD00008080,Electronics,Male,Returned,0.92
PROD00004516,Home,Female,Returned,0.87
PROD00003160,Electronics,Female,Returned,0.9
PROD00003912,Books,Male,Returned,0.95
PROD00008846,Toys,Male,Returned,0.93
PROD00007907,Home,Female,Returned,0.93
PROD00000518,Clothing,Female,Returned,0.88
PROD00008342,Books,Male,Returned,0.93
PROD00006501,Home,Female,Returned,0.94
PROD00006790,Home,Male,Returned,0.99
PROD00007772,Books,Female,Returned,0.91
PROD00002737,Electronics,Female,Returned,0.94
PROD00008205,Electronics,Female,Returned,0.95
PROD00004194,Home,Female,Returned,0.88
PROD00003434,Books,Female,Returned,0.85
PROD00005381,Books,Male,Returned,0.93
PROD00000958,Toys,Male,Returned,0.94
PROD00005741,Toys,Male,Returned,0.95
PROD00006727,Electronics,Female,Returned,0.81
PROD00005196,Clothing,Female,Returned,0.9
PROD00001112,Books,Male,Returned,0.96
PROD00002688,Electronics,Female,Returned,0.97
PROD00007807,Electronics,Male,Returned,0.86
PROD00004613,Home,Male,Returned,0.9
PROD00001509,Clothing,Male,Returned,0.92
PROD00004822,Toys,Male,Returned,0.88
PROD00000092,Home,Female,Returned,0.94
PROD00006599,Electronics,Female,Returned,0.87
PROD00009701,Toys,Female,Returned,0.96
PROD00004321,Toys,Female,Returned,0.93
PROD00003393,Clothing,Female,Returned,0.92
PROD00007228,Electronics,Female,Returned,0.96
PROD00009190,Electronics,Male,Returned,0.87
PROD00001147,Clothing,Female,Returned,0.95
PROD00008074,Clothing,Female,Returned,0.92
PROD00004942,Toys,Female,Returned,0.89
PROD00003662,Toys,Female,Returned,0.87
PROD00001562,Home,Female,Returned,0.93
PROD00004112,Electronics,Male,Returned,0.9
PROD00000794,Clothing,Male,Returned,0.92
PROD00005853,Books,Male,Returned,0.95
PROD00007417,Books,Male,Returned,0.97
PROD00005266,Electronics,Female,Returned,0.96
PROD00000088,Electronics,Female,Returned,0.83
PROD00008694,Clothing,Male,Returned,0.89
PROD00009445,Clothing,Male,Returned,0.88
PROD00002802,Clothing,Female,Returned,0.82
PROD00005662,Home,Female,Returned,0.92
PROD00007169,Clothing,Male,Returned,0.89
PROD00002147,Electronics,Female,Returned,0.96
PROD00007968,Clothing,Male,Returned,0.95
PROD00001408,Books,Female,Returned,0.91
PROD00003400,Home,Male,Returned,0.83
PROD00005559,Toys,Female,Returned,0.8
PROD00008663,Electronics,Male,Returned,0.93
PROD00006595,Electronics,Female,Returned,0.9
PROD00006870,Electronics,Female,Returned,0.88
PROD00004813,Electronics,Female,Returned,0.93
PROD00007529,Toys,Female,Returned,0.94
PROD00008500,Books,Male,Returned,0.96
PROD00006428,Toys,Male,Returned,0.9
PROD00007801,Toys,Female,Returned,0.89
PROD00004721,Electronics,Female,Returned,0.94
PROD00001650,Electronics,Male,Returned,0.93
PROD00001617,Clothing,Male,Returned,0.99
PROD00004575,Clothing,Male,Returned,0.96
PROD00003992,Books,Male,Returned,0.91
PROD00007376,Home,Female,Returned,0.94
PROD00006149,Books,Female,Returned,0.97
PROD00004908,Toys,Female,Returned,0.95
PROD00008260,Books,Male,Returned,0.87
PROD00008134,Books,Female,Returned,0.9
PROD00007728,Books,Female,Returned,0.91
PROD00003541,Toys,Female,Returned,0.95
PROD00004919,Home,Female,Returned,0.93
PROD00003872,Toys,Female,Returned,0.92
PROD00004955,Home,Male,Returned,0.94
PROD00007396,Toys,Female,Returned,0.85
PROD00009100,Electronics,Male,Returned,0.8
PROD00002615,Books,Female,Returned,0.87
PROD00008146,Clothing,Female,Returned,0.92
PROD00007383,Books,Male,Returned,0.97
PROD00006176,Clothing,Male,Returned,0.91
PROD00003312,Books,Female,Returned,0.87
PROD00001253,Clothing,Male,Returned,0.85
PROD00006834,Electronics,Female,Returned,0.97
PROD00003837,Books,Female,Returned,0.93
PROD00006621,Books,Female,Returned,0.97
PROD00002124,Toys,Male,Returned,0.82
PROD00003238,Clothing,Female,Returned,0.87
PROD00005403,Electronics,Female,Returned,0.91
PROD00002673,Clothing,Male,Returned,0.93
PROD00008720,Electronics,Female,Returned,0.97
PROD00008849,Home,Female,Returned,0.91
PROD00007155,Electronics,Male,Returned,0.89
PROD00007204,Clothing,Male,Returned,0.95
PROD00004367,Toys,Female,Returned,0.89
PROD00000263,Books,Male,Returned,0.93
PROD00008895,Electronics,Female,Returned,0.97
PROD00005903,Toys,Male,Returned,0.91
PROD00009643,Electronics,Male,Returned,0.99
PROD00008310,Clothing,Female,Returned,0.91
PROD00004631,Toys,Female,Returned,0.93
PROD00000367,Toys,Male,Returned,0.91
PROD00002664,Electronics,Male,Returned,0.84
PROD00001026,Electronics,Female,Returned,0.96
PROD00009733,Home,Male,Returned,0.94
PROD00001691,Clothing,Female,Returned,0.84
PROD00005572,Electronics,Male,Returned,0.94
PROD00005156,Electronics,Female,Returned,0.91
PROD00000568,Books,Female,Returned,0.94
PROD00009187,Home,Male,Returned,0.93
PROD00007911,Electronics,Female,Returned,0.95
PROD00001558,Home,Male,Returned,0.92
PROD00000101,Books,Male,Returned,0.97
PROD00003007,Toys,Male,Returned,0.88
PROD00007201,Electronics,Female,Returned,0.9
PROD00006754,Books,Male,Returned,0.97
PROD00008629,Home,Male,Returned,0.82
PROD00001208,Clothing,Male,Returned,0.98
PROD00007742,Electronics,Male,Returned,0.95
PROD00008413,Electronics,Male,Returned,0.89
PROD00001775,Clothing,Male,Returned,0.85
PROD00000483,Home,Male,Returned,0.86
PROD00000346,Toys,Male,Returned,0.94
PROD00008361,Home,Male,Returned,0.92
PROD00008706,Books,Female,Returned,0.93
PROD00004929,Toys,Female,Returned,0.96
PROD00006329,Toys,Male,Returned,0.95
PROD00002213,Toys,Male,Returned,0.94
PROD00002018,Home,Male,Returned,0.97
PROD00000668,Toys,Female,Returned,0.88
PROD00008921,Clothing,Male,Returned,0.91
PROD00009696,Toys,Male,Returned,0.84
PROD00001631,Books,Male,Returned,0.9
PROD00007205,Clothing,Male,Returned,0.95
PROD00002215,Home,Male,Returned,0.87
PROD00006968,Electronics,Female,Returned,0.93
PROD00006496,Electronics,Male,Returned,0.93
PROD00006289,Electronics,Male,Returned,0.87
PROD00000135,Electronics,Female,Returned,0.94
PROD00003404,Clothing,Male,Returned,0.93
PROD00008304,Clothing,Male,Returned,0.89
PROD00007492,Toys,Female,Returned,0.96
PROD00006100,Toys,Male,Returned,0.93
PROD00004504,Clothing,Male,Returned,0.92
PROD00005053,Home,Female,Returned,0.93
PROD00006918,Home,Male,Returned,0.94
PROD00005206,Clothing,Male,Returned,0.87
PROD00000532,Books,Male,Returned,0.95
PROD00004830,Toys,Female,Returned,0.9
PROD00004038,Books,Female,Returned,0.89
PROD00004084,Clothing,Male,Returned,0.91
PROD00004957,Toys,Female,Returned,0.9
PROD00007684,Books,Male,Returned,0.96
PROD00003597,Toys,Male,Returned,0.91
PROD00009038,Clothing,Female,Returned,0.95
PROD00009039,Electronics,Male,Returned,0.91
PROD00005082,Electronics,Male,Returned,0.86
PROD00007882,Electronics,Male,Returned,0.99
PROD00009362,Toys,Female,Returned,0.94
PROD00001795,Toys,Female,Returned,0.89
PROD00004185,Books,Female,Returned,0.97
PROD00005234,Toys,Female,Returned,0.97
PROD00008743,Electronics,Female,Returned,0.9
PROD00007144,Books,Female,Returned,0.94
PROD00000144,Toys,Male,Returned,0.97
PROD00004963,Toys,Male,Returned,0.87
PROD00004775,Home,Female,Returned,0.89
PROD00009828,Clothing,Female,Returned,0.96
PROD00009214,Home,Female,Returned,0.84
PROD00006409,Electronics,Male,Returned,0.9
PROD00007464,Electronics,Male,Returned,0.87
PROD00004514,Clothing,Male,Returned,0.9
PROD00005505,Toys,Female,Returned,0.9
PROD00005250,Toys,Female,Returned,0.85
PROD00001730,Home,Female,Returned,0.91
PROD00001758,Books,Female,Returned,0.92
PROD00006650,Clothing,Female,Returned,0.96
PROD00009860,Clothing,Female,Returned,0.92
PROD00004139,Home,Female,Returned,0.91
PROD00005123,Electronics,Female,Returned,0.79
PROD00000000,Clothing,Male,Returned,0.96
PROD00001864,Books,Male,Returned,0.94
PROD00000543,Books,Female,Returned,0.98
PROD00000349,Home,Female,Returned,0.88
PROD00006906,Clothing,Female,Returned,0.89
PROD00009765,Toys,Male,Returned,0.98
PROD00003464,Home,Male,Returned,0.93
PROD00003023,Home,Female,Returned,0.92
PROD00007261,Toys,Male,Returned,0.92
PROD00007872,Clothing,Male,Returned,0.9
PROD00002534,Electronics,Male,Returned,0.86
PROD00000131,Books,Male,Returned,0.96
PROD00003704,Home,Female,Returned,0.93
PROD00001372,Clothing,Male,Returned,0.92
PROD00004856,Home,Male,Returned,0.95
PROD00004712,Toys,Female,Returned,0.79
PROD00004113,Toys,Female,Returned,0.86
PROD00008137,Clothing,Male,Returned,0.8
PROD00004098,Clothing,Male,Returned,0.93
PROD00000592,Home,Female,Returned,0.99
PROD00003123,Electronics,Female,Returned,0.86
PROD00003887,Books,Female,Returned,0.95
PROD00005735,Toys,Male,Returned,0.89
PROD00002145,Clothing,Female,Returned,0.92
PROD00005221,Electronics,Female,Returned,0.89
PROD00001732,Books,Female,Returned,0.96
PROD00003937,Electronics,Female,Returned,0.91
PROD00000761,Books,Female,Returned,0.92
PROD00008439,Home,Female,Returned,0.94
PROD00004362,Books,Female,Returned,0.96
PROD00002484,Home,Female,Returned,0.84
PROD00009873,Toys,Male,Returned,0.93
PROD00008358,Clothing,Male,Returned,0.93
PROD00007333,Electronics,Female,Returned,0.89
PROD00001071,Home,Male,Returned,0.92
PROD00001418,Home,Female,Returned,0.95
PROD00001149,Electronics,Female,Returned,0.77
PROD00007150,Electronics,Male,Returned,0.92
PROD00001568,Electronics,Female,Returned,0.95
PROD00001087,Books,Male,Returned,0.91
PROD00006085,Clothing,Female,Returned,0.85
PROD00007811,Home,Male,Returned,0.88
PROD00006084,Electronics,Male,Returned,0.9
PROD00008757,Electronics,Female,Returned,0.95
PROD00001692,Home,Female,Returned,0.86
PROD00003387,Clothing,Female,Returned,0.92
PROD00000008,Home,Male,Returned,0.9
PROD00004123,Home,Female,Returned,0.94
PROD00006045,Clothing,Female,Returned,0.93
PROD00000567,Toys,Male,Returned,0.89
PROD00008501,Clothing,Female,Returned,0.94
PROD00004900,Clothing,Male,Returned,0.89
PROD00007931,Electronics,Female,Returned,0.91
PROD00009547,Toys,Female,Returned,0.91
PROD00002823,Home,Male,Returned,0.82
PROD00006547,Toys,Female,Returned,0.96
PROD00009088,Books,Male,Returned,0.93
PROD00007620,Home,Male,Returned,0.94
PROD00004540,Electronics,Male,Returned,0.93
PROD00001190,Toys,Male,Returned,0.89
PROD00000036,Electronics,Female,Returned,0.94
PROD00007516,Clothing,Female,Returned,0.93
PROD00007644,Electronics,Male,Returned,0.8
PROD00007744,Home,Male,Returned,0.91
PROD00008119,Home,Female,Returned,0.92
PROD00005718,Toys,Male,Returned,0.89
PROD00000577,Electronics,Female,Returned,0.94
PROD00004102,Electronics,Male,Returned,0.95
PROD00003130,Clothing,Male,Returned,0.75
PROD00009975,Clothing,Female,Returned,0.92
PROD00002287,Clothing,Male,Returned,0.89
PROD00001330,Toys,Female,Returned,0.94
PROD00008283,Toys,Male,Returned,0.9
PROD00005928,Books,Male,Returned,0.94
PROD00000047,Home,Male,Returned,0.94
PROD00002168,Clothing,Female,Returned,0.91
PROD00005049,Home,Male,Returned,0.97
PROD00003019,Clothing,Male,Returned,0.83
PROD00009176,Electronics,Male,Returned,0.93
PROD00001360,Electronics,Female,Returned,0.87
PROD00003251,Home,Female,Returned,0.88
PROD00006027,Books,Male,Returned,0.94
PROD00008799,Toys,Male,Returned,0.94
PROD00003396,Books,Male,Returned,0.91
PROD00000965,Books,Female,Returned,0.95
PROD00008574,Clothing,Male,Returned,0.92
PROD00003314,Clothing,Male,Returned,0.89
PROD00004672,Toys,Male,Returned,0.94
PROD00008618,Home,Female,Returned,0.86
PROD00001217,Home,Male,Returned,0.75
PROD00004397,Clothing,Female,Returned,0.84
PROD00002620,Home,Female,Returned,0.93
PROD00008714,Toys,Female,Returned,0.94
PROD00007282,Clothing,Female,Returned,0.89
PROD00007301,Books,Female,Returned,0.96
PROD00005605,Electronics,Female,Returned,0.96
PROD00009813,Home,Female,Returned,0.89
PROD00008518,Books,Female,Returned,0.98
PROD00005098,Home,Female,Returned,0.87
PROD00007636,Electronics,Male,Returned,0.95
PROD00002392,Home,Male,Returned,0.89
PROD00007653,Electronics,Female,Returned,0.95
PROD00008946,Electronics,Male,Returned,0.9
PROD00000335,Clothing,Male,Returned,0.93
PROD00008972,Toys,Male,Returned,0.94
PROD00002868,Books,Male,Returned,0.92
PROD00003842,Toys,Male,Returned,0.78
PROD00007262,Home,Female,Returned,0.92
PROD00000023,Electronics,Female,Returned,0.98
PROD00002310,Toys,Female,Returned,0.92
PROD00009406,Home,Male,Returned,0.73
PROD00005550,Books,Male,Returned,0.95
PROD00001618,Toys,Female,Returned,0.97
PROD00000789,Clothing,Male,Returned,0.88
PROD00008672,Clothing,Male,Returned,0.89
PROD00005606,Clothing,Female,Returned,0.97
PROD00009312,Electronics,Male,Returned,0.88
PROD00005648,Electronics,Female,Returned,0.92
PROD00006216,Books,Male,Returned,0.97
PROD00002286,Electronics,Female,Returned,0.93
PROD00001183,Clothing,Female,Returned,0.88
PROD00006001,Books,Male,Returned,0.94
PROD00004122,Home,Female,Returned,0.87
PROD00008360,Clothing,Female,Returned,0.83
PROD00005872,Toys,Male,Returned,0.93
PROD00008612,Toys,Female,Returned,0.75
PROD00007727,Home,Male,Returned,0.85
PROD00001180,Home,Female,Returned,0.89
PROD00002818,Home,Male,Returned,0.9
PROD00002239,Clothing,Female,Returned,0.96
PROD00000782,Home,Male,Returned,0.92
PROD00000932,Home,Male,Returned,0.97
PROD00001156,Books,Male,Returned,0.92
PROD00008107,Clothing,Male,Returned,0.97
PROD00004879,Electronics,Female,Returned,0.95
PROD00001702,Electronics,Female,Returned,0.95
PROD00003706,Books,Male,Returned,0.97
PROD00008276,Toys,Female,Returned,0.89
PROD00001608,Electronics,Male,Returned,0.85
PROD00008278,Electronics,Female,Returned,0.89
PROD00007415,Electronics,Female,Returned,0.97
PROD00005062,Home,Female,Returned,0.94
PROD00006120,Home,Male,Returned,0.93
PROD00000291,Clothing,Male,Returned,0.94
PROD00007708,Electronics,Male,Returned,0.9
PROD00000169,Books,Female,Returned,0.91
PROD00000267,Books,Female,Returned,0.96
PROD00004638,Books,Male,Returned,0.92
PROD00003355,Home,Female,Returned,0.84
PROD00008279,Books,Male,Returned,1.0
PROD00000315,Clothing,Female,Returned,0.9
PROD00009495,Electronics,Female,Returned,0.93
PROD00000252,Home,Female,Returned,0.88
PROD00001111,Toys,Male,Returned,0.83
PROD00004801,Electronics,Male,Returned,0.93
PROD00001713,Home,Male,Returned,1.0
PROD00000050,Books,Female,Returned,0.93
PROD00007896,Books,Female,Returned,0.95
PROD00004313,Home,Female,Returned,0.95
PROD00001254,Books,Male,Returned,0.96
PROD00008881,Books,Male,Returned,0.95
PROD00005851,Toys,Male,Returned,0.94
PROD00005702,Electronics,Female,Returned,0.88
PROD00008103,Clothing,Male,Returned,0.89
PROD00002098,Electronics,Male,Returned,0.95
PROD00000248,Books,Female,Returned,0.95
PROD00006561,Electronics,Female,Returned,0.88
PROD00007017,Clothing,Female,Returned,0.96
PROD00001569,Clothing,Female,Returned,0.83
PROD00001726,Clothing,Female,Returned,0.88
PROD00008384,Books,Female,Returned,0.84
PROD00006940,Home,Male,Returned,0.89
PROD00003703,Toys,Female,Returned,0.88
PROD00008191,Electronics,Female,Returned,0.9
PROD00005331,Books,Female,Returned,0.95
PROD00009808,Home,Male,Returned,0.81
PROD00007894,Toys,Male,Returned,0.87
PROD00008728,Home,Female,Returned,0.89
PROD00007828,Electronics,Female,Returned,0.88
PROD00004704,Electronics,Female,Returned,0.96
PROD00003869,Books,Male,Returned,0.93
PROD00000683,Toys,Female,Returned,0.9
PROD00004477,Electronics,Male,Returned,0.94
PROD00005764,Books,Male,Returned,0.96
PROD00007522,Toys,Male,Returned,0.93
PROD00009709,Books,Female,Returned,0.97
PROD00000318,Electronics,Female,Returned,0.91
PROD00001145,Clothing,Male,Returned,0.93
PROD00005094,Home,Male,Returned,0.98
PROD00006623,Books,Male,Returned,0.87
PROD00006408,Books,Female,Returned,0.92
PROD00000376,Clothing,Female,Returned,0.93
PROD00001660,Clothing,Female,Returned,0.95
PROD00005306,Home,Female,Returned,0.98
PROD00007086,Electronics,Female,Returned,0.81
PROD00007488,Toys,Male,Returned,0.89
PROD00009217,Books,Female,Returned,0.97
PROD00001672,Books,Male,Returned,0.9
PROD00002358,Toys,Female,Returned,0.88
PROD00000274,Electronics,Male,Returned,0.87
PROD00002473,Books,Male,Returned,0.95
PROD00005489,Home,Male,Returned,0.95
PROD00004771,Books,Male,Returned,0.81
PROD00008660,Electronics,Female,Returned,0.86
PROD00008239,Clothing,Female,Returned,0.94
PROD00003767,Clothing,Male,Returned,0.92
PROD00001383,Electronics,Female,Returned,0.98
PROD00003921,Toys,Male,Returned,0.86
PROD00001941,Home,Male,Returned,0.85
PROD00007713,Books,Male,Returned,0.96
PROD00004896,Toys,Female,Returned,0.93
PROD00004782,Books,Female,Returned,0.97
PROD00001957,Clothing,Male,Returned,0.93
PROD00009171,Electronics,Male,Returned,0.9
PROD00009745,Electronics,Female,Returned,0.79
PROD00003017,Books,Male,Returned,0.93
PROD00000513,Home,Male,Returned,0.91
PROD00001199,Clothing,Female,Returned,0.93
PROD00005028,Electronics,Female,Returned,0.89
PROD00009784,Books,Male,Returned,0.96
PROD00004649,Home,Male,Returned,0.94
PROD00005332,Books,Male,Returned,0.96
PROD00006768,Toys,Male,Returned,0.94
PROD00009410,Clothing,Male,Returned,0.97
PROD00001671,Books,Male,Returned,0.89
PROD00000474,Books,Female,Returned,0.94
PROD00009186,Books,Female,Returned,0.94
PROD00008839,Books,Female,Returned,0.94
PROD00005758,Home,Female,Returned,0.88
PROD00006297,Books,Male,Returned,0.94
PROD00003914,Toys,Female,Returned,0.77
PROD00002138,Books,Male,Returned,0.8
PROD00005454,Clothing,Female,Returned,0.9
PROD00003485,Toys,Female,Returned,0.82
PROD00002464,Electronics,Female,Returned,0.93
PROD00008696,Clothing,Female,Returned,0.98
PROD00001369,Home,Male,Returned,0.93
PROD00006688,Toys,Male,Returned,0.93
PROD00009974,Clothing,Female,Returned,0.9
PROD00001901,Electronics,Female,Returned,0.92
PROD00007886,Books,Male,Returned,0.88
PROD00002874,Clothing,Male,Returned,0.91
PROD00006217,Clothing,Female,Returned,0.95
PROD00001741,Clothing,Female,Returned,0.82
PROD00005576,Toys,Male,Returned,0.92
PROD00008177,Clothing,Male,Returned,0.85
PROD00005304,Books,Female,Returned,0.89
PROD00000440,Electronics,Male,Returned,0.91
PROD00003776,Clothing,Male,Returned,0.98
PROD00008999,Books,Female,Returned,0.89
PROD00003708,Clothing,Male,Returned,0.87
PROD00003780,Home,Male,Returned,0.9
PROD00000093,Home,Male,Returned,0.93
PROD00004802,Books,Female,Returned,0.82
PROD00005595,Clothing,Female,Returned,0.96
PROD00002886,Electronics,Male,Returned,0.89
PROD00006454,Toys,Female,Returned,0.92
PROD00001877,Home,Male,Returned,0.92
PROD00009729,Electronics,Female,Returned,0.92
PROD00002685,Books,Female,Returned,0.94
PROD00008930,Books,Female,Returned,0.98
PROD00003859,Electronics,Male,Returned,0.86
PROD00007623,Home,Male,Returned,0.9
PROD00002517,Clothing,Male,Returned,0.9
PROD00002885,Toys,Female,Returned,0.89
PROD00006255,Electronics,Female,Returned,0.91
PROD00004539,Home,Male,Returned,0.95
PROD00003205,Electronics,Female,Returned,0.94
PROD00005731,Electronics,Female,Returned,0.91
PROD00002945,Home,Female,Returned,0.82
PROD00006794,Home,Male,Returned,0.93
PROD00006543,Books,Male,Returned,0.95
PROD00002515,Clothing,Male,Returned,0.97
PROD00003684,Electronics,Female,Returned,0.91
PROD00002995,Books,Male,Returned,0.9
PROD00004252,Toys,Male,Returned,0.92
PROD00007962,Electronics,Male,Returned,0.97
PROD00007750,Books,Female,Returned,0.97
PROD00005979,Electronics,Female,Returned,0.84
PROD00004048,Books,Male,Returned,0.92
PROD00009772,Home,Male,Returned,0.93
PROD00002846,Books,Female,Returned,0.72
PROD00008207,Clothing,Female,Returned,0.93
PROD00000393,Clothing,Female,Returned,0.93
PROD00004436,Clothing,Male,Returned,0.96
PROD00009447,Home,Female,Returned,0.82
PROD00001662,Toys,Female,Returned,0.94
PROD00008970,Clothing,Male,Returned,0.89
PROD00001488,Home,Female,Returned,0.9
PROD00008316,Electronics,Male,Returned,0.9
PROD00002707,Home,Male,Returned,0.93
PROD00001595,Clothing,Male,Returned,0.91
PROD00002377,Clothing,Male,Returned,0.93
PROD00005140,Home,Female,Returned,0.88
PROD00008241,Books,Male,Returned,0.93
PROD00003933,Home,Male,Returned,0.93
PROD00004797,Toys,Female,Returned,0.93
PROD00008242,Books,Female,Returned,0.93
PROD00003448,Clothing,Female,Returned,0.85
PROD00008582,Toys,Male,Returned,0.95
PROD00002698,Electronics,Female,Returned,0.95
PROD00000019,Electronics,Female,Returned,0.78
PROD00002748,Clothing,Female,Returned,0.87
PROD00005399,Clothing,Female,Returned,0.93
PROD00008078,Books,Male,Returned,0.86
PROD00006871,Home,Male,Returned,0.91
PROD00009476,Electronics,Female,Returned,0.85
PROD00000809,Electronics,Female,Returned,0.9
PROD00002273,Books,Female,Returned,0.95
PROD00007407,Electronics,Female,Returned,0.96
PROD00004975,Books,Female,Returned,0.95
PROD00008148,Clothing,Female,Returned,0.84
PROD00002833,Toys,Male,Returned,0.89
PROD00001310,Books,Male,Returned,0.94
PROD00008650,Books,Female,Returned,0.95
PROD00006756,Books,Male,Returned,0.91
PROD00000620,Home,Female,Returned,0.87
PROD00006196,Books,Female,Returned,0.93
PROD00009947,Clothing,Male,Returned,0.91
PROD00009019,Home,Female,Returned,0.91
PROD00000743,Home,Female,Returned,0.87
PROD00003149,Clothing,Female,Returned,0.94
PROD00000625,Electronics,Male,Returned,0.99
PROD00007566,Books,Female,Returned,0.88
PROD00005711,Clothing,Female,Returned,0.96
PROD00003284,Home,Male,Returned,0.95
PROD00007585,Clothing,Female,Returned,0.91
PROD00009646,Electronics,Male,Returned,0.93
PROD00000353,Home,Female,Returned,0.93
PROD00002474,Home,Female,Returned,0.93
PROD00008013,Clothing,Male,Returned,0.93
PROD00006449,Toys,Male,Returned,0.83
PROD00007198,Clothing,Male,Returned,0.87
PROD00007692,Books,Female,Returned,0.86
PROD00002997,Clothing,Female,Returned,0.92
PROD00008614,Electronics,Female,Returned,0.87
PROD00001479,Books,Male,Returned,0.9
PROD00001018,Clothing,Female,Returned,0.95
PROD00003094,Books,Female,Returned,0.87
PROD00006182,Books,Female,Returned,0.94
PROD00004960,Electronics,Male,Returned,0.92
PROD00008492,Clothing,Male,Returned,0.91
PROD00001103,Home,Female,Returned,0.93
PROD00006081,Electronics,Male,Returned,0.94
PROD00005190,Books,Male,Returned,0.91
PROD00004181,Books,Male,Returned,0.97
PROD00001432,Toys,Female,Returned,0.86
PROD00009419,Clothing,Female,Returned,0.79
PROD00007936,Clothing,Female,Returned,0.97
PROD00008421,Toys,Male,Returned,0.95
PROD00001034,Books,Male,Returned,0.9
PROD00004132,Home,Female,Returned,0.82
PROD00006492,Toys,Female,Returned,0.88
PROD00001482,Home,Male,Returned,0.91
PROD00000906,Clothing,Female,Returned,0.96
PROD00006088,Clothing,Male,Returned,0.91
PROD00005676,Clothing,Female,Returned,0.89
PROD00007374,Home,Female,Returned,0.89
PROD00004534,Toys,Male,Returned,0.88
PROD00002531,Toys,Female,Returned,0.88
PROD00001402,Home,Male,Returned,0.94
PROD00003082,Books,Female,Returned,0.91
PROD00007854,Toys,Female,Returned,0.96
PROD00009715,Clothing,Male,Returned,0.94
PROD00003846,Home,Female,Returned,0.9
PROD00003034,Books,Male,Returned,0.91
PROD00006954,Home,Female,Returned,0.95
PROD00006209,Toys,Male,Returned,0.91
PROD00002777,Books,Male,Returned,0.94
PROD00001441,Books,Female,Returned,0.96
PROD00009657,Books,Female,Returned,0.85
PROD00003027,Books,Male,Returned,0.88
PROD00006117,Clothing,Female,Returned,0.9
PROD00002882,Home,Male,Returned,0.89
PROD00005561,Clothing,Female,Returned,0.89
PROD00000763,Clothing,Female,Returned,0.93
PROD00006481,Clothing,Male,Returned,0.97
PROD00001616,Electronics,Female,Returned,0.93
PROD00008664,Electronics,Male,Returned,0.94
PROD00006221,Electronics,Male,Returned,0.91
PROD00001576,Home,Female,Returned,0.9
PROD00006350,Toys,Female,Returned,0.87
PROD00003782,Home,Male,Returned,0.87
PROD00004374,Home,Male,Returned,0.95
PROD00007537,Books,Male,Returned,0.87
PROD00008922,Electronics,Male,Returned,0.89
PROD00007063,Home,Female,Returned,0.86
PROD00007371,Toys,Male,Returned,0.92
PROD00006828,Home,Male,Returned,0.89
PROD00004656,Home,Female,Returned,0.93
PROD00006478,Books,Female,Returned,0.96
PROD00009129,Home,Male,Returned,0.92
PROD00008204,Toys,Female,Returned,0.87
PROD00000712,Clothing,Female,Returned,0.93
PROD00001245,Toys,Male,Returned,0.86
PROD00009785,Home,Female,Returned,0.9
PROD00003463,Home,Male,Returned,0.88
PROD00008803,Toys,Female,Returned,0.91
PROD00008489,Home,Female,Returned,0.93
PROD00000212,Toys,Male,Returned,0.83
PROD00004271,Home,Female,Returned,0.88
PROD00006740,Clothing,Male,Returned,0.94
PROD00005737,Clothing,Female,Returned,0.9
PROD00007921,Books,Female,Returned,0.95
PROD00002348,Toys,Male,Returned,0.92
PROD00002036,Electronics,Male,Returned,0.78
PROD00007484,Home,Female,Returned,0.89
PROD00008072,Books,Male,Returned,0.92
PROD00003288,Books,Male,Returned,0.92
PROD00003064,Clothing,Male,Returned,0.91
PROD00006832,Clothing,Male,Returned,0.96
PROD00001263,Books,Male,Returned,0.93
PROD00006323,Clothing,Female,Returned,0.89
PROD00009212,Books,Female,Returned,0.89
PROD00001446,Electronics,Male,Returned,0.91
PROD00000408,Clothing,Male,Returned,0.85
PROD00004344,Home,Female,Returned,0.92
PROD00006271,Electronics,Female,Returned,0.87
PROD00006641,Clothing,Female,Returned,0.93
PROD00005351,Electronics,Male,Returned,0.93
PROD00008343,Toys,Male,Returned,0.91
PROD00001880,Clothing,Male,Returned,0.87
PROD00005945,Home,Female,Returned,0.82
PROD00007793,Clothing,Male,Returned,0.93
PROD00005212,Clothing,Female,Returned,0.96
PROD00003208,Books,Female,Returned,0.9
PROD00001688,Home,Female,Returned,0.89
PROD00008122,Books,Male,Returned,0.98
PROD00008539,Home,Male,Returned,0.88
PROD00003392,Toys,Male,Returned,0.88
PROD00004604,Electronics,Female,Returned,0.94
PROD00007023,Home,Male,Returned,0.94
PROD00006321,Toys,Female,Returned,0.82
PROD00000745,Electronics,Male,Returned,0.98
PROD00000710,Books,Female,Returned,0.91
PROD00000379,Electronics,Male,Returned,0.92
PROD00003011,Home,Female,Returned,0.92
PROD00008858,Electronics,Male,Returned,0.91
PROD00007152,Clothing,Male,Returned,0.93
PROD00008566,Home,Female,Returned,0.96
PROD00003497,Books,Male,Returned,0.97
PROD00004484,Toys,Male,Returned,0.92
PROD00004011,Clothing,Male,Returned,0.94
PROD00002619,Clothing,Male,Returned,0.92
PROD00001313,Home,Male,Returned,0.95
PROD00008605,Clothing,Male,Returned,0.91
PROD00002069,Home,Female,Returned,0.86
PROD00008429,Electronics,Female,Returned,0.88
PROD00009494,Books,Male,Returned,0.97
PROD00003668,Electronics,Female,Returned,0.92
PROD00002221,Toys,Female,Returned,0.96
PROD00003535,Books,Female,Returned,0.92
PROD00007736,Electronics,Male,Returned,0.94
PROD00004099,Home,Male,Returned,0.88
PROD00004100,Home,Female,Returned,0.89
PROD00006959,Home,Male,Returned,0.84
PROD00008570,Toys,Male,Returned,0.96
PROD00009712,Toys,Female,Returned,0.9
PROD00000554,Books,Female,Returned,0.93
PROD00003206,Clothing,Female,Returned,0.89
PROD00006043,Toys,Female,Returned,0.92
PROD00008870,Clothing,Male,Returned,0.96
PROD00006962,Books,Female,Returned,0.87
PROD00008499,Electronics,Male,Returned,0.92
PROD00005728,Books,Female,Returned,0.84
PROD00002122,Home,Male,Returned,0.95
PROD00004982,Toys,Male,Returned,0.94
PROD00008973,Home,Male,Returned,0.91
PROD00006101,Electronics,Female,Returned,0.98
PROD00000394,Electronics,Female,Returned,0.89
PROD00004685,Books,Male,Returned,0.86
PROD00008776,Toys,Male,Returned,0.89
PROD00005980,Toys,Male,Returned,0.85
PROD00002191,Electronics,Female,Returned,0.87
PROD00001297,Home,Male,Returned,0.91
PROD00005044,Electronics,Female,Returned,0.93
PROD00006372,Books,Female,Returned,0.85
PROD00001527,Clothing,Female,Returned,0.92
PROD00002030,Books,Female,Returned,0.93
PROD00005214,Clothing,Male,Returned,0.92
PROD00001780,Electronics,Male,Returned,0.84
PROD00005447,Books,Female,Returned,0.94
PROD00004606,Home,Female,Returned,0.92
PROD00007920,Home,Male,Returned,0.99
PROD00002754,Home,Female,Returned,0.9
PROD00003643,Books,Male,Returned,0.96
PROD00004447,Home,Male,Returned,0.93
PROD00004881,Electronics,Female,Returned,0.81
PROD00009510,Books,Female,Returned,0.93
PROD00003002,Clothing,Female,Returned,0.88
PROD00009689,Clothing,Male,Returned,0.89
PROD00009700,Clothing,Male,Returned,0.98
PROD00008478,Electronics,Female,Returned,0.95
PROD00001210,Electronics,Female,Returned,0.89
PROD00009083,Electronics,Male,Returned,0.82
PROD00002288,Home,Female,Returned,0.91
PROD00002183,Electronics,Male,Returned,0.94
PROD00002362,Books,Male,Returned,0.94
PROD00006332,Books,Female,Returned,1.0
PROD00009546,Books,Female,Returned,0.96
PROD00003281,Clothing,Female,Returned,0.86
PROD00005226,Books,Male,Returned,0.94
PROD00003397,Books,Female,Returned,0.97
PROD00000766,Home,Female,Returned,0.87
PROD00007078,Clothing,Female,Returned,0.89
PROD00002932,Home,Female,Returned,0.78
PROD00003813,Books,Female,Returned,0.94
PROD00006308,Books,Female,Returned,0.92
PROD00005300,Home,Female,Returned,0.88
PROD00006804,Clothing,Male,Returned,0.93
PROD00007879,Books,Male,Returned,0.93
PROD00000828,Toys,Female,Returned,0.95
PROD00007599,Toys,Male,Returned,0.89
PROD00003742,Clothing,Male,Returned,0.89
PROD00009018,Home,Male,Returned,0.97
PROD00005405,Books,Male,Returned,0.93
PROD00001295,Electronics,Female,Returned,0.87
PROD00000221,Toys,Male,Returned,0.95
PROD00005617,Electronics,Male,Returned,0.89
PROD00006248,Toys,Female,Returned,0.77
PROD00001783,Electronics,Female,Returned,0.91
PROD00008036,Books,Male,Returned,0.89
PROD00006751,Electronics,Male,Returned,0.89
PROD00003509,Books,Male,Returned,0.97
PROD00002513,Toys,Female,Returned,0.9
PROD00005436,Toys,Male,Returned,0.92
PROD00000465,Electronics,Female,Returned,0.95
PROD00006759,Clothing,Female,Returned,0.96
PROD00003960,Clothing,Female,Returned,0.75
PROD00008832,Home,Female,Returned,0.87
PROD00009508,Clothing,Female,Returned,0.91
PROD00005623,Clothing,Female,Returned,0.87
PROD00009932,Toys,Female,Returned,0.9
PROD00007342,Books,Male,Returned,0.95
PROD00008466,Clothing,Male,Returned,0.94
PROD00001250,Clothing,Female,Returned,0.89
PROD00003143,Electronics,Male,Returned,0.88
PROD00001113,Electronics,Male,Returned,0.98
PROD00003057,Electronics,Male,Returned,0.92
PROD00001328,Books,Female,Returned,0.86
PROD00006682,Home,Male,Returned,0.9
PROD00002072,Books,Female,Returned,0.88
PROD00009629,Clothing,Male,Returned,0.93
PROD00008218,Toys,Male,Returned,0.92
PROD00007567,Home,Female,Returned,0.95
PROD00005922,Toys,Female,Returned,0.95
PROD00001550,Books,Female,Returned,0.93
PROD00001009,Toys,Male,Returned,0.79
PROD00003755,Toys,Male,Returned,0.84
PROD00008681,Clothing,Male,Returned,0.92
PROD00009342,Toys,Female,Returned,0.94
PROD00008009,Electronics,Female,Returned,0.88
PROD00003148,Clothing,Male,Returned,0.97
PROD00002519,Books,Female,Returned,0.9
PROD00005316,Books,Female,Returned,0.86
PROD00001195,Toys,Female,Returned,0.92
PROD00002840,Electronics,Male,Returned,0.89
PROD00004329,Home,Male,Returned,0.84
PROD00002930,Electronics,Male,Returned,0.9
PROD00006424,Clothing,Female,Returned,0.9
PROD00005747,Books,Female,Returned,0.91
PROD00004914,Toys,Female,Returned,0.93
PROD00009578,Electronics,Female,Returned,0.84
PROD00000211,Books,Female,Returned,0.89
PROD00002275,Clothing,Male,Returned,0.88
PROD00004950,Books,Female,Returned,0.93
PROD00009834,Toys,Female,Returned,0.93
PROD00000467,Toys,Female,Returned,0.89
PROD00003329,Electronics,Male,Returned,0.83
PROD00008607,Books,Male,Returned,0.96
PROD00007267,Electronics,Male,Returned,0.9
PROD00009144,Books,Female,Returned,0.91
PROD00008180,Home,Male,Returned,0.93
PROD00002301,Electronics,Female,Returned,0.96
PROD00002039,Toys,Male,Returned,0.89
PROD00003666,Home,Female,Returned,0.95
PROD00008583,Books,Male,Returned,0.95
PROD00006427,Books,Male,Returned,0.92
PROD00000736,Clothing,Male,Returned,0.9
PROD00008201,Toys,Female,Returned,0.74
PROD00008652,Clothing,Female,Returned,0.94
PROD00000453,Books,Male,Returned,0.96
PROD00004345,Clothing,Female,Returned,0.94
PROD00000927,Clothing,Female,Returned,0.9
PROD00006291,Home,Female,Returned,0.96
PROD00008281,Electronics,Female,Returned,0.93
PROD00006473,Toys,Female,Returned,0.95
PROD00000037,Clothing,Female,Returned,0.93
PROD00002554,Home,Female,Returned,0.95
PROD00006620,Clothing,Male,Returned,0.94
PROD00007398,Electronics,Male,Returned,0.96
PROD00006128,Books,Male,Returned,0.9
PROD00002680,Clothing,Male,Returned,0.94
PROD00004354,Toys,Male,Returned,0.97
PROD00003058,Books,Male,Returned,0.96
PROD00000738,Electronics,Male,Returned,0.93
PROD00000538,Toys,Female,Returned,0.76
PROD00004239,Books,Female,Returned,0.95
PROD00001400,Clothing,Male,Returned,0.94
PROD00005340,Books,Female,Returned,0.96
PROD00009173,Toys,Male,Returned,0.91
PROD00001807,Books,Female,Returned,0.9
PROD00005111,Home,Female,Returned,0.9
PROD00003455,Toys,Female,Returned,0.92
PROD00002907,Books,Male,Returned,0.96
PROD00008287,Electronics,Male,Returned,0.94
PROD00004016,Home,Female,Returned,0.92
PROD00004339,Toys,Female,Returned,0.93
PROD00007739,Home,Female,Returned,0.96
PROD00004692,Home,Male,Returned,0.86
PROD00001739,Toys,Male,Returned,0.82
PROD00005406,Books,Male,Returned,0.95
PROD00003125,Home,Male,Returned,0.91
PROD00002157,Books,Male,Returned,0.92
PROD00005333,Toys,Male,Returned,0.92
PROD00001825,Electronics,Female,Returned,0.82
PROD00004230,Electronics,Male,Returned,0.92
PROD00003487,Toys,Male,Returned,0.95
PROD00009768,Clothing,Female,Returned,0.9
PROD00006423,Toys,Male,Returned,0.9
PROD00007826,Toys,Male,Returned,0.74
PROD00007743,Electronics,Male,Returned,0.91
PROD00003012,Toys,Male,Returned,0.9
PROD00009548,Electronics,Male,Returned,0.91
PROD00003080,Toys,Male,Returned,0.93
PROD00004347,Toys,Female,Returned,0.92
PROD00001346,Electronics,Female,Returned,0.91
PROD00008947,Toys,Male,Returned,0.83
PROD00008081,Books,Female,Returned,0.95
PROD00009579,Clothing,Female,Returned,0.94
PROD00009959,Toys,Female,Returned,0.85
PROD00002270,Home,Female,Returned,0.96
PROD00009766,Books,Male,Returned,0.91
PROD00000833,Clothing,Male,Returned,0.92
PROD00007792,Home,Male,Returned,0.97
PROD00002150,Books,Male,Returned,0.84
PROD00006123,Clothing,Male,Returned,0.95
PROD00003338,Electronics,Male,Returned,0.93
PROD00002375,Electronics,Female,Returned,0.91
PROD00009043,Clothing,Male,Returned,0.9
PROD00005570,Books,Female,Returned,0.95
PROD00008598,Clothing,Female,Returned,0.81
PROD00001886,Books,Male,Returned,0.91
PROD00006426,Books,Male,Returned,0.93
PROD00006341,Toys,Female,Returned,0.98
PROD00005171,Clothing,Male,Returned,0.91
PROD00007763,Books,Male,Returned,0.91
PROD00006392,Electronics,Female,Returned,0.86
PROD00006249,Electronics,Male,Returned,0.87
PROD00007036,Electronics,Female,Returned,0.93
PROD00009593,Toys,Female,Returned,0.87
PROD00003375,Electronics,Male,Returned,0.95
PROD00002486,Toys,Female,Returned,0.94
PROD00006953,Books,Female,Returned,0.79
PROD00000605,Home,Male,Returned,0.96
PROD00005927,Clothing,Male,Returned,0.96
PROD00001483,Home,Female,Returned,0.84
PROD00004518,Home,Male,Returned,0.82
PROD00000496,Home,Male,Returned,0.91
PROD00008793,Electronics,Male,Returned,0.87
PROD00000837,Toys,Female,Returned,0.93
PROD00004326,Electronics,Female,Returned,0.94
PROD00002127,Toys,Male,Returned,0.96
PROD00001022,Electronics,Male,Returned,0.85
PROD00008761,Books,Male,Returned,0.93
PROD00005613,Home,Male,Returned,0.91
PROD00005580,Clothing,Male,Returned,0.94
PROD00006855,Toys,Male,Returned,0.92
PROD00002766,Toys,Male,Returned,0.96
PROD00001544,Toys,Male,Returned,0.92
PROD00001718,Toys,Male,Returned,0.95
PROD00007434,Books,Female,Returned,0.93
PROD00007364,Clothing,Male,Returned,0.77
PROD00008028,Toys,Male,Returned,0.95
PROD00005491,Clothing,Male,Returned,0.84
PROD00001127,Electronics,Male,Returned,0.95
PROD00004816,Books,Male,Returned,0.91
PROD00006201,Electronics,Male,Returned,0.91
PROD00008685,Books,Male,Returned,0.96
PROD00008535,Home,Male,Returned,0.97
PROD00006911,Books,Female,Returned,0.88
PROD00004205,Toys,Male,Returned,0.93
PROD00004220,Books,Male,Returned,0.85
PROD00009101,Electronics,Female,Returned,0.92
PROD00008136,Electronics,Female,Returned,0.75
PROD00006199,Toys,Male,Returned,0.93
PROD00002794,Electronics,Male,Returned,0.91
PROD00007889,Books,Female,Returned,0.96
PROD00006607,Electronics,Male,Returned,0.92
PROD00001921,Clothing,Male,Returned,0.92
PROD00007018,Home,Female,Returned,0.95
PROD00003621,Clothing,Male,Returned,0.82
PROD00004848,Toys,Female,Returned,0.92
PROD00002291,Home,Female,Returned,0.93
PROD00000550,Clothing,Female,Returned,0.98
PROD00001817,Home,Female,Returned,0.96
PROD00004698,Books,Male,Returned,0.91
PROD00000017,Electronics,Male,Returned,0.84
PROD00001770,Clothing,Female,Returned,0.95
PROD00001888,Toys,Female,Returned,0.93
PROD00002152,Electronics,Male,Returned,0.97
PROD00001642,Electronics,Male,Returned,0.91
PROD00007846,Home,Female,Returned,0.85
PROD00009432,Clothing,Male,Returned,0.88
PROD00000533,Home,Female,Returned,0.92
PROD00000132,Electronics,Female,Returned,0.91
PROD00008719,Toys,Male,Returned,0.92
PROD00008285,Clothing,Female,Returned,0.93
PROD00006929,Books,Male,Returned,0.93
